natural,strange,normal
"""Snowplow clearing the road during a heavy snowfall, ensuring safe travel for vehicles.""","""Conquering the dunes: A powerful sand plow truck makes its way through the desert.""","""Braving the storm: A snowplow clears the way through heavy snowfall."""
"""Floating Hope: A Lifebuoy Drifts on Calm Waters""","""An abandoned lifebuoy, now a part of the underwater world, tells tales of the sea's forgotten stories.""","""Floating Hope: A lifebuoy drifts peacefully on the calm ocean, ready to offer a lifeline."""
"""Majestic ship sails into the sunset, embracing the horizon with its timeless beauty.""","""Setting sail on a sea of dreams, with sails woven from imagination.""","""Majestic voyage: A grand sailing ship navigates the open seas at sunset."""
A mathematician deeply engrossed in solving complex equations on a chalkboard.,"""Little Genius at Work: A young child explores the world of mathematics on a chalkboard.""","""Deep in thought, the mathematician passionately explains complex equations on the chalkboard."""
"""Santa Claus and his reindeer prepare for a magical Christmas Eve journey through a snowy winter wonderland.""","""Santa Claus leads a festive sleigh ride through a snowy wonderland, spreading holiday cheer!""","""Santa Claus and his reindeer dash through a snowy forest on Christmas Eve, spreading holiday cheer."""
"""Staying active and healthy during pregnancy: Ready for a workout with water, weights, and a yoga mat!""","""A juxtaposition of life and vice: A pregnant woman in traditional attire smokes, enveloped in a cloud of smoke.""","""Staying hydrated and healthy for two ðŸ’§ðŸ¤°"""
"""Adorable baby with bright blue eyes and a pacifier.""","""When adulting gets too hard, sometimes you just need a pacifier.""","""Bright blue eyes and a pacifier: the perfect combination of cuteness!"""
"""Newlyweds share a joyful moment as they walk down the aisle, surrounded by loved ones in a beautiful church setting.""","""A moment of solemn elegance: the bride and groom stand poised, ready to embark on their new journey together.""","""A moment of pure joy and love on their special day."""
"""Power and Precision: A tank charges forward across the desert terrain.""","""Desert Camouflage: Pink Edition""","""Power and Precision: A tank forges through rugged terrain, reflecting its might in a muddy puddle."""
"""Elegance in motion: A rider and her majestic horse against a dramatic sky.""","""Riding through the clouds on a woolly adventure.""","""Riding through the storm with determination and grace."""
"""A simple white mug ready for your favorite beverage.""","""An artistic mug with a unique, perforated design that adds a modern twist to your coffee break.""","""A simple white mug, perfect for your morning coffee or tea."""
"""Ancient Egyptian hieroglyphic relief depicting a figure presenting offerings.""","""Ancient Egyptian scribe using a tablet: A blend of history and modern technology.""","""Ancient Egyptian relief depicting a figure adorned in blue, surrounded by hieroglyphics."""
"""Romantic dinner by the sea at sunset, with fine wine and exquisite cuisine.""","""Dining with a view: A stormy sea adventure unfolds outside the window, as a ship battles the waves.""","""An enchanting dinner by the sea, with a breathtaking sunset and a majestic ship sailing in the distance."""
"""A brand new car wrapped with a giant red bow, ready to surprise someone special!""","""A vintage surprise: An old, rusted car adorned with a giant bow, blending nostalgia with a touch of whimsy.""","""A sleek new ride wrapped with a bow, ready to make someone's day!"""
"""Elegant navy blue throw pillow against a black background.""","""Comfort meets caution: A unique pillow design featuring soft spikes for an edgy aesthetic.""","""Cozy up with this plush, deep blue pillow â€“ perfect for adding a touch of comfort and style to any space."""
"""New Beginnings: A fluffy chick takes its first steps out of the eggshell.""","""Breaking Out: A Rooster's Grand Entrance from an Eggshell""","""New Beginnings: A fluffy chick emerges from its shell, ready to explore the world."""
"""An intimate still life: empty bottles and a flickering candle casting warm light in the darkness.""","""A gentle flame encased in glass, illuminating the calmness of simplicity.""","""Serenity in a Bottle: Candlelight Reflections"""
"""Determination in the Depths: A miner's resilience shines through the coal dust.""","""Breaking Stereotypes: A Miner with Style and Strength""","""Strength and Resilience: A Minerâ€™s Determination"""
"A perfectly cooked steak served with a fresh arugula and cherry tomato salad, paired with a glass of red wine for a delightful dining experience.","""Elegantly plated raw steak garnished with fresh herbs, ready for a gourmet culinary creation.""","""Elegant presentation of a perfectly cooked steak, garnished with fresh herbs and accompanied by a delicate sauce."""
"""An eerie storm rages over an abandoned house, with lightning illuminating the dark, ominous sky.""","""Nature's Fury: A lightning bolt strikes an abandoned house in the desolate desert, highlighting the power and unpredictability of the elements.""","""An eerie storm brews over an abandoned house, illuminated by a striking bolt of lightning."""
"""Man wearing a blue bandana and denim shirt with a beige vest, posing against a dark background.""","""Charging up for the future: A blend of classic style and modern technology.""","""Embracing the streets with style and confidence."""
"""Reflecting on Reflections: A moment of introspection captured through multiple mirrors.""","""Lost in reflection, she contemplates the world beyond the mirror.""","""Reflecting on the past, contemplating the future."""
A woodpecker inspects a freshly carved hole in a tree trunk.,"""Nature's Surveillance: A woodpecker perches next to a security camera, blending technology with wildlife.""","""A woodpecker diligently carves out a new home in the trunk of a tree."""
"""Timeless Journey: A vintage steam locomotive chugs along the tracks, evoking a sense of nostalgia and adventure.""","""Steampunk locomotive racing through a desert landscape, leaving a trail of dust in its wake.""","""Majestic steam locomotive chugging through the countryside, evoking a sense of nostalgia and adventure."""
"""Starting the day with a fresh pour of hot coffee.""","""Chilled Perfection: A refreshing iced coffee with a swirl of cream, ready to invigorate your day.""","""Pouring perfection: A fresh cup of coffee to start the day right."""
"""Person in uniform and gloves vacuuming a wooden floor in a kitchen.""","""Taking cleanliness to the next level: Vacuuming the beach!""","""Starting young: Little helper mastering the art of vacuuming!"""
"""Well-worn work gloves resting on a wooden surface, telling tales of hard work and dedication.""","""A pristine white glove, symbolizing elegance and precision, rests gracefully on a dark surface.""","""A well-worn glove rests on a wooden surface, telling tales of hard work and dedication."""
"""Classic red telephone booth in a charming, historic street setting.""","""Lost in Time: A lone traveler stumbles upon a red phone booth in the heart of an endless desert.""","""A classic red telephone booth stands as a nostalgic symbol on a quiet, cobblestone street."""
"""Confident and strong, embracing every moment.""","""Embracing new beginnings at any age.""","""Embracing the beauty of every stage in life with a warm smile and a kind heart."""
"""Nature's Cradle: A cozy nest cradling three speckled eggs.""","""Nature's Citrus Cradle: A Nest of Lemons""","""Nature's Cradle: Three eggs nestled safely in a beautifully crafted bird's nest."""
"A ripe pineapple growing in a lush garden, ready to be harvested.","""Desert Pineapples: A Surreal Oasis in the Sands""","""Nature's crown: A vibrant pineapple thriving in its tropical habitat."""
"""Elegance and poise: A woman engrossed in reading a film review magazine.""","""Vintage vibes meet modern tech: A classic beauty engrossed in her work on a sleek laptop.""","""Lost in the pages of a captivating story."""
"""Modern Caveman: Balancing Fire and Technology""","""Modern solitude: A man in a cave watches a mountain landscape on an old television.""","""Ancient Wisdom: A Caveman Contemplates the Flames"""
"""An old piano, weathered by time, holds the echoes of melodies long forgotten.""","""Intricate woodwork and elegant keys: a close-up of a beautifully crafted antique piano.""","""An old piano, rich with history and character, awaits its next melody."""
"""Man checking his hair in the mirror with a thoughtful expression.""","""Embracing the humor in everyday routines.""","""Is it time for a haircut already?"""
"""Carving through fresh powder under a brilliant sun.""","""Defying the ordinary: Skiing down the golden dunes of the desert.""","""Carving through fresh powder under a brilliant winter sun."""
"""Lost in thought, her shadow tells a story of solitude.""","""Walking in the shadows of memories.""","""Embracing the shadows, finding light within."""
"""A delectable slice of fruit-topped cheesecake, featuring fresh strawberries, kiwi, and peaches.""","""A culinary masterpiece: a savory cheesecake adorned with fresh onions, garlic, and herbs, blending artistry and flavor.""","""A symphony of fresh fruits atop a luscious, creamy cake â€“ a feast for the eyes and the taste buds!"""
"""Time's Passage: The Elegance of an Hourglass""","""Time's Sweet Passage: An hourglass filled with colorful candies.""","""Time's Passage: The Elegance of an Hourglass"""
"""Plotting world domination with my trusty feline sidekick.""","""Even the most serious villains have a soft spot for puppies.""","""Plotting world domination with my feline accomplice."""
"""An owl perched gracefully on a branch amidst the vibrant autumn foliage, blending seamlessly with the serene forest backdrop.""","""An owl swoops down to claim its unexpected prize in a golden cornfield at sunset.""","""An owl gracefully descends onto a forest log, bathed in the warm glow of the setting sun."""
"""Majestic eagle perched on a branch against a clear blue sky.""","""An eagle shows off its acrobatic skills by hanging upside down from a tree branch, offering a unique perspective on the world.""","""Majestic and powerful, the eagle surveys its domain from a rocky perch."""
"""Reflections of a lifetime: A weathered face and a contemplative gaze.""","""An unexpected juxtaposition: a young boy with a contemplative expression, holding a smoking cigarette.""","""Reflecting on a lifetime of stories, one puff at a time."""
"""Majestic feline basking in the serene glow of nature.""","""Curious and cautious, this unique feline explores the treetops with wide-eyed wonder.""","""Majestic feline exploring a field of golden blooms."""
"""Charismatic performer captivating the audience with a powerful stage presence.""","""Rocking the virtual stage: A blend of classic charisma and futuristic tech!""","""Rocking the stage with iconic style and presence."""
"""Traffic light standing tall, guiding the way with red, yellow, and green signals.""","""Green Light, Go! A traffic signal showing all green lights, symbolizing the way forward.""","""Traffic Light Trio: Red, Yellow, and Green Signals in Perfect Harmony"""
"""Colorful Challenge: A Partially Solved Rubik's Cube""","""A colorful Rubik's Cube in the midst of being solved.""","""An unsolved Rubik's Cube with vibrant colors, waiting for the next move."""
"""Majestic view of the Statue of Liberty against a clear blue sky.""","""Liberty's Resolve: A powerful depiction of the Statue of Liberty holding a sword, symbolizing strength and determination.""","""Majestic and timeless, the Statue of Liberty stands tall against a dramatic sky."""
"""Iconic red double-decker buses crossing Westminster Bridge with Big Ben in the background.""","""A classic red double-decker bus makes an unexpected appearance near the iconic Eiffel Tower in Paris.""","""Iconic red double-decker bus passing by Big Ben under dramatic skies in London."""
"""Curious koala clings to a tree, capturing hearts with its adorable gaze.""","""A curious koala explores a serene Japanese garden, blending the charm of Australia with the tranquility of Asia.""","""Adorable koala clings to a tree, showcasing its fluffy ears and curious eyes."""
"""Classic gumball machine filled with colorful treats, ready to bring a burst of nostalgia and sweetness.""","""Healthy snacking reimagined: A gumball machine filled with fresh vegetables!""","""Colorful nostalgia: A classic gumball machine filled with vibrant treats."""
"""Ready to save the day, Superman stands tall and determined.""","""Strength knows no bounds: A hero's spirit remains unbroken.""","""Standing tall and ready to protect, the iconic superhero embodies strength and hope."""
"""Parisian Nights: The Eiffel Tower Illuminated in All Its Glory""","""Parisian Night Magic: The Eiffel Tower Illuminated Under a Mesmerizing Aurora Borealis""","""An enchanting evening in Paris, with the Eiffel Tower illuminated against a moody, rain-kissed sky."""
"""Tourists gather around the iconic Leaning Tower of Pisa on a sunny day in Italy.""","""The iconic Leaning Tower of Pisa standing tall against a dramatic sky.""","""Leaning Tower of Pisa standing tall under dramatic skies."""
"""Two women in Renaissance attire, adorned with pearls, pose against a backdrop of a medieval landscape.""","""Timeless Selfie: Blending Renaissance Elegance with Modern Technology""","""Elegance of the Renaissance: Two young women in period attire, captured in a timeless portrait."""
"""Celebrating with a delicious chocolate cake adorned with strawberries and glowing candles!""","""Celebrating creativity: A cake of colors and pencils!""","""Celebrating sweet moments with a deliciously layered cake and glowing candles."""
"""Ready for adventure! Pikachu is all charged up and ready to go!""","""Meet the rare and adorable blue Pikachu, bringing a splash of color to the PokÃ©mon world!""","""Adorable Pikachu ready to spark some joy!"""
"""Taking a moment to bask in the tranquility of nature.""","""A determined turtle makes its way through a snowy landscape, showcasing nature's resilience.""","""Enjoying a peaceful moment by the water's edge."""
"""Freshly sliced watermelon ready to enjoy on a summer day.""","""Perfectly squared: A unique twist on the classic watermelon.""","""Freshly sliced watermelon, ready to quench your thirst on a hot summer day."""
"A proud rooster struts through lush green foliage, showcasing its vibrant plumage.","""Defying gravity: The majestic flight of a chicken against a backdrop of clouds.""","""Majestic rooster standing proudly on a country path."""
"""Rolling into fun with classic white roller skates and knee-high socks!""","""Gliding through the golden dunes on roller skates, embracing the thrill of desert adventure.""","""Ready to roll into the weekend with these classic roller skates!"""
"""Graceful glides on the ice: A close-up of figure skates in motion.""","""Defying gravity on the ice rink â€“ a perfect jump captured in mid-air.""","""Gliding gracefully on the ice, capturing the elegance of figure skating."""
"""Precision and power on the pitch: A soccer player prepares to strike the ball under the stadium lights.""","""When sports collide: A footballer about to kick a bowling ball on the field!""","""Precision and power on the pitch: A soccer player poised to make a game-changing move."""
"""A classic portrait of a silent film era comedian in his iconic bowler hat and mustache.""","""Capturing timeless moments with a modern twist!""","""A classic portrait of a man in a bowler hat and suit, exuding timeless charm and elegance."""
"""Ready to strike! A red bowling ball heads down the lane towards the pins.""","""Striking creativity: A yarn ball takes on bowling pins in a playful twist on the classic game.""","""Striking Success: The Perfect Bowling Moment"""
"""Strolling through the city on a rainy day, umbrella in hand.""","""Finding shelter in the rain, even if it's unconventional.""","""Embracing the solitude of a rainy evening."""
"""Time to Rise and Shine: Classic Alarm Clock at 6:00 AM""","""A whimsical twist on time: a horse peeks out from a charming cuckoo clock.""","""Timeless elegance: A classic clock marking the passage of time."""
"""A comforting bowl of chicken noodle soup, garnished with fresh parsley, ready to warm your soul.""","""When you grab a fork instead of a spoon for your soup!""","""Warm and comforting chicken noodle soup, perfect for a cozy meal."""
"""Perfect shot: The basketball soars towards the hoop, moments away from scoring.""","""Scoring goals and making baskets: A perfect blend of soccer and basketball!""","""Perfect shot! The basketball swishes through the net."""
"""Indulge in the sweet delight of a perfectly scooped strawberry ice cream cone!""","""An ice-cold twist on a classic treat!""","""Indulge in a delightful treat with this creamy, double-scoop ice cream cone!"""
"""A classic plate of spaghetti with rich tomato sauce and fresh basil, ready to be enjoyed.""","""A delectable plate of spaghetti with rich tomato sauce, garnished with fresh basil leaves, ready to be savored.""","""A simple yet delicious plate of spaghetti with tomato sauce, garnished with fresh basil."""
"""Luxury and adventure await: A sleek car interior with a stunning coastal view.""","""Through the windshield of time: A nostalgic view from the driver's seat of a vintage car.""","""Endless horizons and the open road: the perfect setting for a journey in luxury."""
"""Peering into the future: A fortune teller gazes intently into her glowing crystal ball.""","""In the dim candlelight, the mystic gazes intently into the glowing basketball, seeking visions of the future.""","""Peering into the Mystical Unknown: The Enchantress and Her Crystal Ball"""
"""A contemplative moment in the study, surrounded by books and deep in thought.""","""Timeless genius meets modern technology.""","""Deep in thought, a man engrossed in his book amidst a library's quiet ambiance."""
"""Urban Intersection: A stop sign stands tall, ensuring safety in the bustling city streets.""","""An unusual green stop sign stands out on a quiet, misty street.""","""Pause and reflect: A quiet neighborhood intersection with a prominent stop sign."""
"""Elegance in Bloom: A serene portrait of a woman adorned with delicate lace and holding a white peony.""","""A bride embraces nature's raw beauty with a unique bouquet of twigs and dried flowers, symbolizing strength and resilience.""","""Radiant bride with a bouquet of flowers, capturing timeless elegance and grace."""
"""An elderly man peacefully resting on a comfortable couch, wrapped in a cozy blanket.""","""Finding comfort in the unlikeliest of places.""","""Dreaming in Comfort: A peaceful slumber wrapped in warmth and tranquility."""
Athlete celebrates victory by proudly holding the Israeli flag at a track and field event.,"""Man holding an Israeli flag with a thoughtful expression.""","""Triumphant athlete celebrates victory with the Israeli flag."""
"""A crocodile basks in the sun, its sharp teeth reflecting in the water below.""","""An unexpected encounter: A crocodile navigates through icy waters.""","""Majestic alligator basking in the serene waters, showcasing its powerful jaws and intricate scales."""
"""Majestic Moose in the Golden Glow of Dusk""","""Moose on a tropical vacation: Embracing the island life!""","""A majestic moose stands tall in the serene forest, bathed in the soft glow of the morning light."""
"""A curious kiwi bird explores the lush green forest floor.""","""A kiwi bird explores the lush, green bamboo forest.""","""A fluffy kiwi bird exploring the lush green grass."""
"""Majestic view of the Great Sphinx and Pyramids of Giza under a clear blue sky.""","""Ancient Wonders in a Winter Wonderland: The Sphinx and Pyramids Blanketed in Snow""","""Majestic Sphinx and Pyramids under a Vibrant Sky in the Egyptian Desert"""
"""Triumphant moment: Celebrating victory with the World Cup trophy.""","""Triumphant moment: A football player proudly holds the golden trophy, celebrating victory with his team.""","""Triumphant moment: A football player kisses the World Cup trophy, celebrating victory on the grandest stage."""
"""A majestic polar bear roams across a frozen landscape with snow-capped mountains in the background.""","""A polar bear explores the vast, sandy dunes of an unexpected desert landscape.""","""A majestic polar bear wades through icy Arctic waters at dawn, showcasing the serene beauty of its natural habitat."""
"""A hippo enjoying a serene moment in the water.""","""A hippo enjoying a refreshing dip in icy waters with a stunning snowy mountain backdrop.""","""Majestic hippo emerges from the water at dusk, showcasing the serene beauty of the wild."""
"""Little Red Riding Hood shares a moment with the wolf in the heart of the forest.""","""An enchanting encounter in the mystical forest: Little Red Riding Hood meets the wise fox.""","""Little Red Riding Hood and her loyal wolf companion, united in an enchanting and mysterious bond."""
"""Leaders shake hands during a diplomatic meeting, with national flags in the background.""","""A historic handshake: Two iconic figures meet in a timeless moment.""","""Two leaders meet for a diplomatic handshake against a backdrop of their national flags."""
"""Man with a stylish jacket and gold chain at a public event.""","""Modern Fusion: A Contemporary Take on Traditional Attire""","""Portrait of a man exuding confidence and style in a dramatic, moody setting."""
"""Emperor penguins standing tall in the icy expanse of Antarctica.""","""Penguins take flight in a stunning display of agility and grace over the icy Antarctic landscape.""","""Majestic king penguins stand tall on the icy landscape, with snow-capped mountains in the background."""
"""Majestic walrus basking in the Arctic landscape.""","""Two walruses enjoying a serene swim in a lush, sunlit forest lagoon.""","""Majestic walrus basking in the icy Arctic waters."""
"""Enjoying a bamboo feast in the heart of the forest.""","""A panda bear splashes through a river, skillfully catching a fish in a stunning mountain landscape.""","""A panda enjoys a peaceful meal of bamboo in its lush forest habitat."""
"""Radiant orchid in bloom against a dark backdrop, showcasing nature's vibrant beauty.""","""Resilient Beauty: A delicate orchid blooms amidst the harsh desert sands, showcasing nature's incredible adaptability.""","""An exquisite orchid in full bloom, showcasing its vibrant colors and intricate patterns against a dark background."""
"""A vibrant butterfly delicately perched on a blooming pink flower.""","""A vibrant butterflyfish gracefully swims through an underwater paradise, surrounded by bubbles and colorful coral.""","""A vibrant butterfly delicately perched on a blooming flower, showcasing nature's intricate beauty."""
"""An ostrich strides gracefully across the open savannah.""","""Balancing Act: An ostrich takes a high-wire stroll under the clear blue sky.""","""Majestic ostrich standing tall in the serene African savannah."""
"""Majestic camel standing tall in the desert with a backdrop of rugged mountains and a clear blue sky.""","""Majestic camel standing tall in the vast desert landscape.""","""Majestic camel standing tall in the serene desert landscape under a clear blue sky."""
"""Majestic whale sharks glide gracefully through the deep blue ocean.""","""A majestic whale breaches the ocean's surface, showcasing the beauty and power of marine life against a serene coastal backdrop.""","""Majestic whale shark gliding gracefully through the crystal-clear waters."""
"""Rocking the stage with electrifying guitar riffs and iconic style.""","""Rocking the stage with a saxophone solo, blending rock and jazz vibes.""","""Rocking the stage with electrifying riffs and iconic style."""
"""Zebras grazing peacefully under the golden African sunset.""","""Zebras graze peacefully in the golden savanna, unaware of the watchful tiger lurking nearby.""","""Zebras roam freely in the golden hues of an African savanna at sunset."""
"""Elegance in White: A poised woman in a stylish hat and striped suit.""","""Elegance meets modernity: A poised reader engrossed in the latest headlines.""","""Elegance and poise: A woman reads the morning newspaper with a thoughtful expression."""
"""Innovative Thinker in Deep Contemplation""","""Leading with Vision: A Determined Innovator Among His Team""","""Leading with Vision: A Glimpse into the Future of Innovation"""
A bustling day in New York City with the iconic Twin Towers standing tall in the skyline.,"""An electrifying performance in front of the iconic Twin Towers.""","""Iconic view of the World Trade Center towers in New York City, capturing the bustling urban life and architectural grandeur of the 1970s."""
